<?xml version="1.0"?>
<AUTORIZACION>
<CAF version="1.0">
<DA>
<RE>76640542-8</RE>
<RS>G&amp;R CHILE SPA</RS>
<TD>33</TD>
<RNG><D>1</D><H>50</H></RNG>
<FA>2018-09-03</FA>
<RSAPK><M>sghtJSjKiePuGA5PhdjB9XDXuA2WjxO5C4F/HIcfZCsd17GH1MNJHt5rrnK9CBQ7pHZ8n7HlXlDrX7woVavlyQ==</M><E>Aw==</E></RSAPK>
<IDK>100</IDK>
</DA>
<FRMA algoritmo="SHA1withRSA">xvKBMezlFNVYEmFpqyL0frqxx89UhRkXedyOW+RlN3vu6crFmzUZW/X/RkEEK0/bNuGb8pGsdjNBlw0ua7mkTA==</FRMA>
</CAF>
<RSASK>-----BEGIN RSA PRIVATE KEY-----
MIIBOQIBAAJBALIIbSUoyonj7hgOT4XYwfVw17gNlo8TuQuBfxyHH2QrHdexh9TD
SR7ea65yvQgUO6R2fJ+x5V5Q61+8KFWr5ckCAQMCQHawSMNwhwaX9BAJilk7K/j1
5SVeZF9ie10A/2haFO1w9soDJIPLXhXhcpPL6Vz6vO7827iRRN7SEI1yeTZCQ6sC
IQDh7/60DJZVLmClHTAJ2wW0uac2A7hUEGDWicJoFuA5UQIhAMm4rh0Ce+bPq5qz
kNUhlmuEU/0HH6n/tPwBzgptaEb5AiEAlp//IrMO43RAbhN1W+dZIyZveVfQOArr
ObEsRWSVe4sCIQCGex6+AafvNR0RzQs4wQ7yWDf+BL/GqnioATQG85rZ+wIgedxt
9GprFTaLsxbgO5RekndKbIJaAD9BMqvlkJATIz4=
-----END RSA PRIVATE KEY-----
</RSASK>

<RSAPUBK>-----BEGIN PUBLIC KEY-----
MFowDQYJKoZIhvcNAQEBBQADSQAwRgJBALIIbSUoyonj7hgOT4XYwfVw17gNlo8T
uQuBfxyHH2QrHdexh9TDSR7ea65yvQgUO6R2fJ+x5V5Q61+8KFWr5ckCAQM=
-----END PUBLIC KEY-----
</RSAPUBK>
</AUTORIZACION>
