<?xml version="1.0"?>
<AUTORIZACION>
<CAF version="1.0">
<DA>
<RE>76640542-8</RE>
<RS>G&amp;R CHILE SPA</RS>
<TD>34</TD>
<RNG><D>1</D><H>50</H></RNG>
<FA>2018-09-03</FA>
<RSAPK><M>u3WqvqNANIv/OdQcoK0nmmEbwVP5dlXvMEzzophe/+5TypizHPmYqGmQ9WR+hLs3qQBSuTtulxf4NHsKFcNAvw==</M><E>Aw==</E></RSAPK>
<IDK>100</IDK>
</DA>
<FRMA algoritmo="SHA1withRSA">BAIG5y4hUuZ9Zym3uZnVxCJWau9+rwsvK6SqSKvWvBBJeE01dRF2ioY1T9Lt6Xf2BDChV1LWhDMfRbeAnNTL/w==</FRMA>
</CAF>
<RSASK>-----BEGIN RSA PRIVATE KEY-----
MIIBOgIBAAJBALt1qr6jQDSL/znUHKCtJ5phG8FT+XZV7zBM86KYXv/uU8qYsxz5
mKhpkPVkfoS7N6kAUrk7bpcX+DR7ChXDQL8CAQMCQHz5HH8XgCMH/3vivcBzb7xA
vSuNUPmOn3WIomxllKqdvmjLZKYxLDM5GlZZ3PFHEAyBLbPebCePlm5zaVECS7sC
IQDeR6C+BWxGCGFObqVR0JSyEiRgH0vJywMpXvtQQMu7SwIhANflxt4eQ5BTMpsF
OGFKO+2EGi4MIgKQvW0v0pvbdBPdAiEAlC/Afq5ILrBA3vRuNosNzAwYQBTdMTIC
G5SnitXdJ4cCIQCP7oSUFC0K4iG8riWWMX1JArwessFXCyjzdTcSkk1ikwIhAJ2J
+8nAP+JjHvrXRhXpbcHSE5ApRGmyd94MRsC0KMaa
-----END RSA PRIVATE KEY-----
</RSASK>

<RSAPUBK>-----BEGIN PUBLIC KEY-----
MFowDQYJKoZIhvcNAQEBBQADSQAwRgJBALt1qr6jQDSL/znUHKCtJ5phG8FT+XZV
7zBM86KYXv/uU8qYsxz5mKhpkPVkfoS7N6kAUrk7bpcX+DR7ChXDQL8CAQM=
-----END PUBLIC KEY-----
</RSAPUBK>
</AUTORIZACION>
