<?xml version="1.0"?>
<AUTORIZACION>
<CAF version="1.0">
<DA>
<RE>76640542-8</RE>
<RS>G&amp;R CHILE SPA</RS>
<TD>52</TD>
<RNG><D>51</D><H>100</H></RNG>
<FA>2018-09-03</FA>
<RSAPK><M>5H+WlMqE5/2vDZAfAjFfS7RwudrOwok1vN70mPh2BXwsnmwAjEBtn2rK5a0WnIhSgDOjrFHjJnsju5VH6zpFBw==</M><E>Aw==</E></RSAPK>
<IDK>100</IDK>
</DA>
<FRMA algoritmo="SHA1withRSA">tfBwntFZt91qVlOd8qvfzx1rxC6Bcn0ty4qSRiupox8PCcgYhOk+7SJ2StVKEDxI8W1WMGZT8FE9IKg+503JUg==</FRMA>
</CAF>
<RSASK>-----BEGIN RSA PRIVATE KEY-----
MIIBOgIBAAJBAOR/lpTKhOf9rw2QHwIxX0u0cLnazsKJNbze9Jj4dgV8LJ5sAIxA
bZ9qyuWtFpyIUoAzo6xR4yZ7I7uVR+s6RQcCAQMCQQCYVQ8N3FiaqR9eYBSsIOoy
eEsmkd8sW3kolKMQpaQDpttEVuS65DUX+deIxYgG5fUdKyjpRt8E042B1AgrcMor
AiEA8mUDWFy02S1WD6HgtWTvhBzm2WeNzE0vxeoNHr+lw+cCIQDxUuZRFzVEzh33
9qQVLT/et4wM5tnIUg4Jjsoc6mtR4QIhAKGYrOWTIztzjrUWlc5DSlgTRJDvs92I
yoPxXhR/w9fvAiEAoOHu4LojgzQT+qRtY3N/6c+ys0SRMDa0Bl8xaJxHi+sCIAkD
2VLRME71npUYcNgTZ3sjbetL1DQop9aDv98cneXF
-----END RSA PRIVATE KEY-----
</RSASK>

<RSAPUBK>-----BEGIN PUBLIC KEY-----
MFowDQYJKoZIhvcNAQEBBQADSQAwRgJBAOR/lpTKhOf9rw2QHwIxX0u0cLnazsKJ
Nbze9Jj4dgV8LJ5sAIxAbZ9qyuWtFpyIUoAzo6xR4yZ7I7uVR+s6RQcCAQM=
-----END PUBLIC KEY-----
</RSAPUBK>
</AUTORIZACION>
