<?xml version="1.0"?>
<AUTORIZACION>
<CAF version="1.0">
<DA>
<RE>76640542-8</RE>
<RS>G&amp;R CHILE SPA</RS>
<TD>61</TD>
<RNG><D>1</D><H>50</H></RNG>
<FA>2018-09-03</FA>
<RSAPK><M>u6i7jY8heQmyhF/pNJ033F4HseDM5hX3mayT/O5LIEXulUT8OIAyuUKVxY/6mp/xzexRonpy2Tbhzv5UyAtBKw==</M><E>Aw==</E></RSAPK>
<IDK>100</IDK>
</DA>
<FRMA algoritmo="SHA1withRSA">dugxsKOVH/1+Yz6UPtu3Kle1Hrad9cbAglSb/gfY0mmTcmInfDJGDUoPj6a/L/PwX2pyRrIaUpau13BYTTvVgA==</FRMA>
</CAF>
<RSASK>-----BEGIN RSA PRIVATE KEY-----
MIIBOgIBAAJBALuou42PIXkJsoRf6TSdN9xeB7HgzOYV95msk/zuSyBF7pVE/DiA
MrlClcWP+pqf8c3sUaJ6ctk24c7+VMgLQSsCAQMCQH0bJ7O0wPtbzFg/8M2+JT2U
BSFAiJlj+mZzDVNJh2rYJR8MTvoIMR3sRIZhkQYk/QOK1v6096oZgVZnRRfDlssC
IQDmTiepW+QznBOU4G6iQKOuLn/0GNpN7A6JaraLeTKiYwIhANCYitxlj7VwTJob
jv7QxMgaHBsLkLFuAhZirOGrMzyZAiEAmYlvxj1CzRK3uJWfFtXCdB7/+BCRiUgJ
sPHPB6YhwZcCIQCLEFyS7l/OSt28El9Uiy3avBK8smB2SVa5lx3rx3d9uwIhANAW
USlBMgbzFtBLlGUg5aDxZKRYl3zUHrE/U0kwQ5r3
-----END RSA PRIVATE KEY-----
</RSASK>

<RSAPUBK>-----BEGIN PUBLIC KEY-----
MFowDQYJKoZIhvcNAQEBBQADSQAwRgJBALuou42PIXkJsoRf6TSdN9xeB7HgzOYV
95msk/zuSyBF7pVE/DiAMrlClcWP+pqf8c3sUaJ6ctk24c7+VMgLQSsCAQM=
-----END PUBLIC KEY-----
</RSAPUBK>
</AUTORIZACION>
