﻿<?xml version="1.0"?>

-<AUTORIZACION>


-<CAF version="1.0">


+<DA>

<FRMA algoritmo="SHA1withRSA">pageyYkqBYlU2VkEanxnpKAEmSPHAhlpBq6BCmJhklvlR6bUSqga6V9NnMLfJK8exBHISFYyKHNAoyOuNDvDcA==</FRMA>

</CAF>

<RSASK>-----BEGIN RSA PRIVATE KEY----- MIIBOwIBAAJBANVWRFWxN+kLYYl5ArQGt3/UoR3i/V2iP09VemNTeovarKXc/LLn WP2fYfw7u0Qr2kdlVQdXqaM3HTZ7l++c+LsCAQMCQQCOOYLjy3qbXOuw+1ciryT/ 4xYT7KjpFtTfjlGXjPxdOzt+l1M7VzexBcxwlB9EFyI6uGNqz3YqTlqKYiI+KAuL AiEA62UZEMLZ6m+dAOJZwiRAnfrjrfs2LWyK6nM1oHwXEcMCIQDoAuDvFwqbBHmu cQPKOciI9G0R6+pK9zaq87LEFknVqQIhAJzuELXXO/GfvgCW5oFtgGlR7R6neXOd sfGiI8BSugvXAiEAmqyV9LoHEgL7yaCtMXvbBfhItp1G3KTPHKJ3LWQxORsCIQCA 4aGRtfgxO1iC1vJc6OcFPDpMhExeGd4q270UOQASsw== -----END RSA PRIVATE KEY----- </RSASK>

<RSAPUBK>-----BEGIN PUBLIC KEY----- MFowDQYJKoZIhvcNAQEBBQADSQAwRgJBANVWRFWxN+kLYYl5ArQGt3/UoR3i/V2i P09VemNTeovarKXc/LLnWP2fYfw7u0Qr2kdlVQdXqaM3HTZ7l++c+LsCAQM= -----END PUBLIC KEY----- </RSAPUBK>

</AUTORIZACION>