<?xml version="1.0"?>
<AUTORIZACION>
<CAF version="1.0">
<DA>
<RE>76640542-8</RE>
<RS>G&amp;R CHILE SPA</RS>
<TD>56</TD>
<RNG><D>1</D><H>50</H></RNG>
<FA>2018-09-03</FA>
<RSAPK><M>rrGsSyk7/vzZK1DZG+JjmX3sXcUMUNYOvUR/+KVkyNQ8dGqgxQZqJ9q7VGg42LSRC2nbJfbopo+PMOsyNlQgrw==</M><E>Aw==</E></RSAPK>
<IDK>100</IDK>
</DA>
<FRMA algoritmo="SHA1withRSA">S/QH7nP04OM/70XmFGlbU4tR6qJTWbpnYm4sDw52/M2iR+HD9sLeciIYIq+tusjDu7NmHayMefv/Vjn+DRllCQ==</FRMA>
</CAF>
<RSASK>-----BEGIN RSA PRIVATE KEY-----
MIIBOQIBAAJBAK6xrEspO/782StQ2RviY5l97F3FDFDWDr1Ef/ilZMjUPHRqoMUG
aifau1RoONi0kQtp2yX26KaPjzDrMjZUIK8CAQMCQHR2ctzGJ/9TO3I15hKW7RD+
nZPYsuCOtH4tqqXDmIXhuN1YglcrMWPngMORLR6GBZUvWBbDceQTGSvEiTI3VcsC
IQDaNYQYKublzkdkDl2kJiYqON3R/v99logHipGQhPbDiQIhAMzy4cUXXrpDuBYg
sNEExV5yxQUE0kA56uHkstPmClx3AiEAkXkCusdEmTQvmAmTwsQZcXs+i/9U/mRa
r7G2YFikglsCIQCIoevYuj8m19AOwHXgrdjpodiuAzbVe/Hr7cyNRAboTwIgD90r
g6q7zUqa3z0G4my6sAUrSyqwBiaqIXX++qPiRKQ=
-----END RSA PRIVATE KEY-----
</RSASK>

<RSAPUBK>-----BEGIN PUBLIC KEY-----
MFowDQYJKoZIhvcNAQEBBQADSQAwRgJBAK6xrEspO/782StQ2RviY5l97F3FDFDW
Dr1Ef/ilZMjUPHRqoMUGaifau1RoONi0kQtp2yX26KaPjzDrMjZUIK8CAQM=
-----END PUBLIC KEY-----
</RSAPUBK>
</AUTORIZACION>
